datetime,pair,contractType,indexPrice,futuresPrice,basis,basisRate,annualizedBasisRate,timestamp
2026-04-05 12:55:00,BTCUSDT,PERPETUAL,66786.83173913,66746.4,-40.43173913,-0.0006,,1775393700000
2026-04-05 13:00:00,BTCUSDT,PERPETUAL,66787.58130435,66751.5,-36.08130435,-0.0005,,1775394000000
2026-04-05 13:05:00,BTCUSDT,PERPETUAL,66851.29826087,66821.3,-29.99826087,-0.0004,,1775394300000
2026-04-05 13:10:00,BTCUSDT,PERPETUAL,66818.7915,66788.1,-30.6915,-0.0005,,1775394600000
2026-04-05 13:15:00,BTCUSDT,PERPETUAL,66765.31575,66726.1,-39.21575,-0.0006,,1775394900000
2026-04-05 13:20:00,BTCUSDT,PERPETUAL,66793.09195652,66769.4,-23.69195652,-0.0004,,1775395200000
2026-04-05 13:25:00,BTCUSDT,PERPETUAL,66839.78043478,66805.5,-34.28043478,-0.0005,,1775395500000
2026-04-05 13:30:00,BTCUSDT,PERPETUAL,66723.91586957,66676.6,-47.31586957,-0.0007,,1775395800000
2026-04-05 13:35:00,BTCUSDT,PERPETUAL,66820.04891304,66780.1,-39.94891304,-0.0006,,1775396100000
2026-04-05 13:40:00,BTCUSDT,PERPETUAL,66841.99913043,66815.5,-26.49913043,-0.0004,,1775396400000
2026-04-05 13:45:00,BTCUSDT,PERPETUAL,66836.30391304,66802.2,-34.10391304,-0.0005,,1775396700000
2026-04-05 13:50:00,BTCUSDT,PERPETUAL,66857.1865,66831.0,-26.1865,-0.0004,,1775397000000
2026-04-05 13:55:00,BTCUSDT,PERPETUAL,66880.4526087,66841.2,-39.2526087,-0.0006,,1775397300000
2026-04-05 14:00:00,BTCUSDT,PERPETUAL,66895.30956522,66863.5,-31.80956522,-0.0005,,1775397600000
2026-04-05 14:05:00,BTCUSDT,PERPETUAL,66946.12304348,66929.0,-17.12304348,-0.0003,,1775397900000
2026-04-05 14:10:00,BTCUSDT,PERPETUAL,66927.13775,66898.4,-28.73775,-0.0004,,1775398200000
2026-04-05 14:15:00,BTCUSDT,PERPETUAL,66877.64304348,66849.2,-28.44304348,-0.0004,,1775398500000
2026-04-05 14:20:00,BTCUSDT,PERPETUAL,66860.79,66836.8,-23.99,-0.0004,,1775398800000
2026-04-05 14:25:00,BTCUSDT,PERPETUAL,66880.00586957,66855.0,-25.00586957,-0.0004,,1775399100000
2026-04-05 14:30:00,BTCUSDT,PERPETUAL,66907.98391304,66879.3,-28.68391304,-0.0004,,1775399400000
2026-04-05 14:35:00,BTCUSDT,PERPETUAL,66897.74525,66865.2,-32.54525,-0.0005,,1775399700000
2026-04-05 14:40:00,BTCUSDT,PERPETUAL,66942.33543478,66909.1,-33.23543478,-0.0005,,1775400000000
2026-04-05 14:45:00,BTCUSDT,PERPETUAL,66946.06391304,66910.5,-35.56391304,-0.0005,,1775400300000
2026-04-05 14:50:00,BTCUSDT,PERPETUAL,66933.5015,66901.0,-32.5015,-0.0005,,1775400600000
2026-04-05 14:55:00,BTCUSDT,PERPETUAL,66935.67825,66903.1,-32.57825,-0.0005,,1775400900000
2026-04-05 15:00:00,BTCUSDT,PERPETUAL,66921.898,66892.6,-29.298,-0.0004,,1775401200000
2026-04-05 15:05:00,BTCUSDT,PERPETUAL,66892.23108696,66855.1,-37.13108696,-0.0006,,1775401500000
2026-04-05 15:10:00,BTCUSDT,PERPETUAL,66929.34869565,66902.3,-27.04869565,-0.0004,,1775401800000
2026-04-05 15:15:00,BTCUSDT,PERPETUAL,66938.13925,66906.5,-31.63925,-0.0005,,1775402100000
2026-04-05 15:20:00,BTCUSDT,PERPETUAL,66980.5673913,66948.1,-32.4673913,-0.0005,,1775402400000
2026-04-05 15:25:00,BTCUSDT,PERPETUAL,66984.2235,66960.2,-24.0235,-0.0004,,1775402700000
2026-04-05 15:30:00,BTCUSDT,PERPETUAL,67486.945,67478.2,-8.745,-0.0001,,1775403000000
2026-04-05 15:35:00,BTCUSDT,PERPETUAL,67484.88456522,67450.2,-34.68456522,-0.0005,,1775403300000
2026-04-05 15:40:00,BTCUSDT,PERPETUAL,67412.64478261,67370.7,-41.94478261,-0.0006,,1775403600000
2026-04-05 15:45:00,BTCUSDT,PERPETUAL,67438.41152174,67410.8,-27.61152174,-0.0004,,1775403900000
2026-04-05 15:50:00,BTCUSDT,PERPETUAL,67372.38125,67344.9,-27.48125,-0.0004,,1775404200000
2026-04-05 15:55:00,BTCUSDT,PERPETUAL,67367.17326087,67326.8,-40.37326087,-0.0006,,1775404500000
2026-04-05 16:00:00,BTCUSDT,PERPETUAL,67305.75217391,67272.2,-33.55217391,-0.0005,,1775404800000
2026-04-05 16:05:00,BTCUSDT,PERPETUAL,67359.61521739,67326.1,-33.51521739,-0.0005,,1775405100000
2026-04-05 16:10:00,BTCUSDT,PERPETUAL,67325.08978261,67307.6,-17.48978261,-0.0003,,1775405400000
2026-04-05 16:15:00,BTCUSDT,PERPETUAL,67297.93086957,67269.4,-28.53086957,-0.0004,,1775405700000
2026-04-05 16:20:00,BTCUSDT,PERPETUAL,67344.73108696,67318.0,-26.73108696,-0.0004,,1775406000000
2026-04-05 16:25:00,BTCUSDT,PERPETUAL,67369.30413043,67336.8,-32.50413043,-0.0005,,1775406300000
2026-04-05 16:30:00,BTCUSDT,PERPETUAL,67327.4773913,67287.8,-39.6773913,-0.0006,,1775406600000
2026-04-05 16:35:00,BTCUSDT,PERPETUAL,67367.9345,67333.3,-34.6345,-0.0005,,1775406900000
2026-04-05 16:40:00,BTCUSDT,PERPETUAL,67317.101,67282.9,-34.201,-0.0005,,1775407200000
2026-04-05 16:45:00,BTCUSDT,PERPETUAL,67319.81434783,67291.7,-28.11434783,-0.0004,,1775407500000
2026-04-05 16:50:00,BTCUSDT,PERPETUAL,67218.03130435,67183.5,-34.53130435,-0.0005,,1775407800000
2026-04-05 16:55:00,BTCUSDT,PERPETUAL,67192.22217391,67160.9,-31.32217391,-0.0005,,1775408100000
2026-04-05 17:00:00,BTCUSDT,PERPETUAL,67211.51,67178.9,-32.61,-0.0005,,1775408400000
2026-04-05 17:05:00,BTCUSDT,PERPETUAL,67221.14391304,67181.8,-39.34391304,-0.0006,,1775408700000
2026-04-05 17:10:00,BTCUSDT,PERPETUAL,67280.86108696,67249.7,-31.16108696,-0.0005,,1775409000000
2026-04-05 17:15:00,BTCUSDT,PERPETUAL,67285.22413043,67253.9,-31.32413043,-0.0005,,1775409300000
2026-04-05 17:20:00,BTCUSDT,PERPETUAL,67224.57521739,67180.7,-43.87521739,-0.0007,,1775409600000
2026-04-05 17:25:00,BTCUSDT,PERPETUAL,67239.97782609,67213.9,-26.07782609,-0.0004,,1775409900000
2026-04-05 17:30:00,BTCUSDT,PERPETUAL,67339.86282609,67304.8,-35.06282609,-0.0005,,1775410200000
2026-04-05 17:35:00,BTCUSDT,PERPETUAL,67314.03934783,67279.3,-34.73934783,-0.0005,,1775410500000
2026-04-05 17:40:00,BTCUSDT,PERPETUAL,67387.78717391,67362.8,-24.98717391,-0.0004,,1775410800000
2026-04-05 17:45:00,BTCUSDT,PERPETUAL,67363.70391304,67330.8,-32.90391304,-0.0005,,1775411100000
2026-04-05 17:50:00,BTCUSDT,PERPETUAL,67342.8076087,67304.9,-37.9076087,-0.0006,,1775411400000
2026-04-05 17:55:00,BTCUSDT,PERPETUAL,67356.83195652,67328.5,-28.33195652,-0.0004,,1775411700000
2026-04-05 18:00:00,BTCUSDT,PERPETUAL,67370.67891304,67342.2,-28.47891304,-0.0004,,1775412000000
2026-04-05 18:05:00,BTCUSDT,PERPETUAL,67323.44021739,67289.9,-33.54021739,-0.0005,,1775412300000
2026-04-05 18:10:00,BTCUSDT,PERPETUAL,67292.213,67265.9,-26.313,-0.0004,,1775412600000
2026-04-05 18:15:00,BTCUSDT,PERPETUAL,67314.71391304,67281.9,-32.81391304,-0.0005,,1775412900000
2026-04-05 18:20:00,BTCUSDT,PERPETUAL,67283.1473913,67250.1,-33.0473913,-0.0005,,1775413200000
2026-04-05 18:25:00,BTCUSDT,PERPETUAL,67304.8173913,67278.3,-26.5173913,-0.0004,,1775413500000
2026-04-05 18:30:00,BTCUSDT,PERPETUAL,67300.0825,67274.1,-25.9825,-0.0004,,1775413800000
2026-04-05 18:35:00,BTCUSDT,PERPETUAL,67415.37630435,67390.5,-24.87630435,-0.0004,,1775414100000
2026-04-05 18:40:00,BTCUSDT,PERPETUAL,67440.75304348,67408.9,-31.85304348,-0.0005,,1775414400000
2026-04-05 18:45:00,BTCUSDT,PERPETUAL,67430.16456522,67394.8,-35.36456522,-0.0005,,1775414700000
2026-04-05 18:50:00,BTCUSDT,PERPETUAL,67424.58869565,67389.7,-34.88869565,-0.0005,,1775415000000
2026-04-05 18:55:00,BTCUSDT,PERPETUAL,67405.76225,67376.8,-28.96225,-0.0004,,1775415300000
2026-04-05 19:00:00,BTCUSDT,PERPETUAL,67407.13326087,67381.2,-25.93326087,-0.0004,,1775415600000
2026-04-05 19:05:00,BTCUSDT,PERPETUAL,67381.47375,67342.1,-39.37375,-0.0006,,1775415900000
2026-04-05 19:10:00,BTCUSDT,PERPETUAL,67398.53826087,67368.0,-30.53826087,-0.0005,,1775416200000
2026-04-05 19:15:00,BTCUSDT,PERPETUAL,67418.13,67381.3,-36.83,-0.0005,,1775416500000
2026-04-05 19:20:00,BTCUSDT,PERPETUAL,67510.65978261,67491.6,-19.05978261,-0.0003,,1775416800000
2026-04-05 19:25:00,BTCUSDT,PERPETUAL,67522.42173913,67493.0,-29.42173913,-0.0004,,1775417100000
2026-04-05 19:30:00,BTCUSDT,PERPETUAL,67467.40804348,67435.4,-32.00804348,-0.0005,,1775417400000
2026-04-05 19:35:00,BTCUSDT,PERPETUAL,67450.189,67415.7,-34.489,-0.0005,,1775417700000
2026-04-05 19:40:00,BTCUSDT,PERPETUAL,67330.44391304,67297.2,-33.24391304,-0.0005,,1775418000000
2026-04-05 19:45:00,BTCUSDT,PERPETUAL,67304.66608696,67277.4,-27.26608696,-0.0004,,1775418300000
2026-04-05 19:50:00,BTCUSDT,PERPETUAL,67282.885,67250.0,-32.885,-0.0005,,1775418600000
2026-04-05 19:55:00,BTCUSDT,PERPETUAL,67316.14575,67283.7,-32.44575,-0.0005,,1775418900000
2026-04-05 20:00:00,BTCUSDT,PERPETUAL,67354.33108696,67329.1,-25.23108696,-0.0004,,1775419200000
2026-04-05 20:05:00,BTCUSDT,PERPETUAL,67364.03326087,67326.3,-37.73326087,-0.0006,,1775419500000
2026-04-05 20:10:00,BTCUSDT,PERPETUAL,67359.40086957,67329.7,-29.70086957,-0.0004,,1775419800000
2026-04-05 20:15:00,BTCUSDT,PERPETUAL,67379.3126087,67352.5,-26.8126087,-0.0004,,1775420100000
2026-04-05 20:20:00,BTCUSDT,PERPETUAL,67374.87608696,67344.8,-30.07608696,-0.0004,,1775420400000
2026-04-05 20:25:00,BTCUSDT,PERPETUAL,67466.3076087,67442.3,-24.0076087,-0.0004,,1775420700000
2026-04-05 20:30:00,BTCUSDT,PERPETUAL,67477.96065217,67450.0,-27.96065217,-0.0004,,1775421000000
2026-04-05 20:35:00,BTCUSDT,PERPETUAL,67479.22630435,67450.1,-29.12630435,-0.0004,,1775421300000
2026-04-05 20:40:00,BTCUSDT,PERPETUAL,67681.28586957,67658.7,-22.58586957,-0.0003,,1775421600000
2026-04-05 20:45:00,BTCUSDT,PERPETUAL,67555.33956522,67524.4,-30.93956522,-0.0005,,1775421900000
2026-04-05 20:50:00,BTCUSDT,PERPETUAL,67650.49978261,67630.0,-20.49978261,-0.0003,,1775422200000
2026-04-05 20:55:00,BTCUSDT,PERPETUAL,67628.11326087,67607.2,-20.91326087,-0.0003,,1775422500000
2026-04-05 21:00:00,BTCUSDT,PERPETUAL,67654.92152174,67636.7,-18.22152174,-0.0003,,1775422800000
2026-04-05 21:05:00,BTCUSDT,PERPETUAL,67613.15521739,67586.2,-26.95521739,-0.0004,,1775423100000
2026-04-05 21:10:00,BTCUSDT,PERPETUAL,67615.08543478,67593.3,-21.78543478,-0.0003,,1775423400000
2026-04-05 21:15:00,BTCUSDT,PERPETUAL,67521.99565217,67499.2,-22.79565217,-0.0003,,1775423700000
2026-04-05 21:20:00,BTCUSDT,PERPETUAL,67500.62956522,67473.3,-27.32956522,-0.0004,,1775424000000
2026-04-05 21:25:00,BTCUSDT,PERPETUAL,67482.72152174,67456.8,-25.92152174,-0.0004,,1775424300000
2026-04-05 21:30:00,BTCUSDT,PERPETUAL,67472.1276087,67453.8,-18.3276087,-0.0003,,1775424600000
2026-04-05 21:35:00,BTCUSDT,PERPETUAL,67471.49325,67441.9,-29.59325,-0.0004,,1775424900000
2026-04-05 21:40:00,BTCUSDT,PERPETUAL,67468.44375,67442.3,-26.14375,-0.0004,,1775425200000
2026-04-05 21:45:00,BTCUSDT,PERPETUAL,67483.4626087,67469.6,-13.8626087,-0.0002,,1775425500000
2026-04-05 21:50:00,BTCUSDT,PERPETUAL,67552.91826087,67537.8,-15.11826087,-0.0002,,1775425800000
2026-04-05 21:55:00,BTCUSDT,PERPETUAL,67631.87891304,67594.7,-37.17891304,-0.0005,,1775426100000
2026-04-05 22:00:00,BTCUSDT,PERPETUAL,67547.68175,67519.5,-28.18175,-0.0004,,1775426400000
2026-04-05 22:05:00,BTCUSDT,PERPETUAL,67745.78130435,67716.1,-29.68130435,-0.0004,,1775426700000
2026-04-05 22:10:00,BTCUSDT,PERPETUAL,67721.56913043,67688.9,-32.66913043,-0.0005,,1775427000000
2026-04-05 22:15:00,BTCUSDT,PERPETUAL,67527.46913043,67500.1,-27.36913043,-0.0004,,1775427300000
2026-04-05 22:20:00,BTCUSDT,PERPETUAL,67516.17608696,67470.1,-46.07608696,-0.0007,,1775427600000
2026-04-05 22:25:00,BTCUSDT,PERPETUAL,67406.47978261,67382.7,-23.77978261,-0.0004,,1775427900000
2026-04-05 22:30:00,BTCUSDT,PERPETUAL,67428.58956522,67406.3,-22.28956522,-0.0003,,1775428200000
2026-04-05 22:35:00,BTCUSDT,PERPETUAL,67514.6476087,67479.6,-35.0476087,-0.0005,,1775428500000
2026-04-05 22:40:00,BTCUSDT,PERPETUAL,67644.84695652,67625.5,-19.34695652,-0.0003,,1775428800000
2026-04-05 22:45:00,BTCUSDT,PERPETUAL,67959.90065217,67937.4,-22.50065217,-0.0003,,1775429100000
2026-04-05 22:50:00,BTCUSDT,PERPETUAL,68135.99630435,68119.9,-16.09630435,-0.0002,,1775429400000
2026-04-05 22:55:00,BTCUSDT,PERPETUAL,68082.97347826,68051.1,-31.87347826,-0.0005,,1775429700000
2026-04-05 23:00:00,BTCUSDT,PERPETUAL,68345.13,68313.0,-32.13,-0.0005,,1775430000000
2026-04-05 23:05:00,BTCUSDT,PERPETUAL,68323.65847826,68295.5,-28.15847826,-0.0004,,1775430300000
2026-04-05 23:10:00,BTCUSDT,PERPETUAL,68431.9926087,68400.0,-31.9926087,-0.0005,,1775430600000
2026-04-05 23:15:00,BTCUSDT,PERPETUAL,68591.08630435,68577.9,-13.18630435,-0.0002,,1775430900000
2026-04-05 23:20:00,BTCUSDT,PERPETUAL,68876.20869565,68853.9,-22.30869565,-0.0003,,1775431200000
2026-04-05 23:25:00,BTCUSDT,PERPETUAL,68748.25978261,68721.2,-27.05978261,-0.0004,,1775431500000
2026-04-05 23:30:00,BTCUSDT,PERPETUAL,68804.05108696,68772.0,-32.05108696,-0.0005,,1775431800000
2026-04-05 23:35:00,BTCUSDT,PERPETUAL,69042.67804348,69015.8,-26.87804348,-0.0004,,1775432100000
2026-04-05 23:40:00,BTCUSDT,PERPETUAL,68992.64326087,68965.7,-26.94326087,-0.0004,,1775432400000
2026-04-05 23:45:00,BTCUSDT,PERPETUAL,68942.75,68923.8,-18.95,-0.0003,,1775432700000
2026-04-05 23:50:00,BTCUSDT,PERPETUAL,68954.15478261,68909.2,-44.95478261,-0.0007,,1775433000000
2026-04-05 23:55:00,BTCUSDT,PERPETUAL,68993.72021739,68970.1,-23.62021739,-0.0003,,1775433300000
2026-04-06 00:00:00,BTCUSDT,PERPETUAL,69025.65043478,68997.9,-27.75043478,-0.0004,,1775433600000
2026-04-06 00:05:00,BTCUSDT,PERPETUAL,69326.51130435,69319.7,-6.81130435,-0.0001,,1775433900000
2026-04-06 00:10:00,BTCUSDT,PERPETUAL,69346.40282609,69299.0,-47.40282609,-0.0007,,1775434200000
2026-04-06 00:15:00,BTCUSDT,PERPETUAL,69233.28804348,69205.2,-28.08804348,-0.0004,,1775434500000
2026-04-06 00:20:00,BTCUSDT,PERPETUAL,69220.87804348,69180.9,-39.97804348,-0.0006,,1775434800000
2026-04-06 00:25:00,BTCUSDT,PERPETUAL,69256.50913043,69230.0,-26.50913043,-0.0004,,1775435100000
2026-04-06 00:30:00,BTCUSDT,PERPETUAL,69181.54326087,69150.9,-30.64326087,-0.0004,,1775435400000
2026-04-06 00:35:00,BTCUSDT,PERPETUAL,69125.37543478,69090.4,-34.97543478,-0.0005,,1775435700000
2026-04-06 00:40:00,BTCUSDT,PERPETUAL,69232.65717391,69203.4,-29.25717391,-0.0004,,1775436000000
2026-04-06 00:45:00,BTCUSDT,PERPETUAL,69312.20847826,69282.5,-29.70847826,-0.0004,,1775436300000
2026-04-06 00:50:00,BTCUSDT,PERPETUAL,69228.97608696,69183.2,-45.77608696,-0.0007,,1775436600000
2026-04-06 00:55:00,BTCUSDT,PERPETUAL,69135.89152174,69100.1,-35.79152174,-0.0005,,1775436900000
2026-04-06 01:00:00,BTCUSDT,PERPETUAL,69084.18652174,69051.9,-32.28652174,-0.0005,,1775437200000
2026-04-06 01:05:00,BTCUSDT,PERPETUAL,68920.27956522,68887.7,-32.57956522,-0.0005,,1775437500000
2026-04-06 01:10:00,BTCUSDT,PERPETUAL,68919.87782609,68889.7,-30.17782609,-0.0004,,1775437800000
2026-04-06 01:15:00,BTCUSDT,PERPETUAL,68862.22021739,68816.2,-46.02021739,-0.0007,,1775438100000
2026-04-06 01:20:00,BTCUSDT,PERPETUAL,68865.83586957,68835.6,-30.23586957,-0.0004,,1775438400000
2026-04-06 01:25:00,BTCUSDT,PERPETUAL,68924.74173913,68891.5,-33.24173913,-0.0005,,1775438700000
2026-04-06 01:30:00,BTCUSDT,PERPETUAL,68982.9976087,68950.9,-32.0976087,-0.0005,,1775439000000
2026-04-06 01:35:00,BTCUSDT,PERPETUAL,68875.91543478,68844.8,-31.11543478,-0.0005,,1775439300000
2026-04-06 01:40:00,BTCUSDT,PERPETUAL,68914.44304348,68875.8,-38.64304348,-0.0006,,1775439600000
2026-04-06 01:45:00,BTCUSDT,PERPETUAL,68805.82152174,68772.1,-33.72152174,-0.0005,,1775439900000
2026-04-06 01:50:00,BTCUSDT,PERPETUAL,68804.89934783,68767.9,-36.99934783,-0.0005,,1775440200000
2026-04-06 01:55:00,BTCUSDT,PERPETUAL,68803.8973913,68766.0,-37.8973913,-0.0006,,1775440500000
2026-04-06 02:00:00,BTCUSDT,PERPETUAL,68810.62086957,68782.9,-27.72086957,-0.0004,,1775440800000
2026-04-06 02:05:00,BTCUSDT,PERPETUAL,68933.25456522,68912.1,-21.15456522,-0.0003,,1775441100000
2026-04-06 02:10:00,BTCUSDT,PERPETUAL,68934.50695652,68908.4,-26.10695652,-0.0004,,1775441400000
2026-04-06 02:15:00,BTCUSDT,PERPETUAL,69126.74347826,69089.5,-37.24347826,-0.0005,,1775441700000
2026-04-06 02:20:00,BTCUSDT,PERPETUAL,69252.76478261,69231.6,-21.16478261,-0.0003,,1775442000000
2026-04-06 02:25:00,BTCUSDT,PERPETUAL,69154.03956522,69130.6,-23.43956522,-0.0003,,1775442300000
2026-04-06 02:30:00,BTCUSDT,PERPETUAL,69232.3826087,69198.5,-33.8826087,-0.0005,,1775442600000
2026-04-06 02:35:00,BTCUSDT,PERPETUAL,69343.31304348,69309.5,-33.81304348,-0.0005,,1775442900000
2026-04-06 02:40:00,BTCUSDT,PERPETUAL,69271.67391304,69242.5,-29.17391304,-0.0004,,1775443200000
2026-04-06 02:45:00,BTCUSDT,PERPETUAL,69211.27021739,69187.0,-24.27021739,-0.0004,,1775443500000
2026-04-06 02:50:00,BTCUSDT,PERPETUAL,69245.1823913,69217.3,-27.8823913,-0.0004,,1775443800000
2026-04-06 02:55:00,BTCUSDT,PERPETUAL,69220.27217391,69190.2,-30.07217391,-0.0004,,1775444100000
2026-04-06 03:00:00,BTCUSDT,PERPETUAL,69214.17565217,69183.6,-30.57565217,-0.0004,,1775444400000
2026-04-06 03:05:00,BTCUSDT,PERPETUAL,69212.95934783,69179.9,-33.05934783,-0.0005,,1775444700000
2026-04-06 03:10:00,BTCUSDT,PERPETUAL,69175.89195652,69146.1,-29.79195652,-0.0004,,1775445000000
2026-04-06 03:15:00,BTCUSDT,PERPETUAL,69137.65195652,69099.6,-38.05195652,-0.0006,,1775445300000
2026-04-06 03:20:00,BTCUSDT,PERPETUAL,69094.22369565,69051.3,-42.92369565,-0.0006,,1775445600000
2026-04-06 03:25:00,BTCUSDT,PERPETUAL,69162.53978261,69136.7,-25.83978261,-0.0004,,1775445900000
2026-04-06 03:30:00,BTCUSDT,PERPETUAL,69184.18086957,69151.4,-32.78086957,-0.0005,,1775446200000
2026-04-06 03:35:00,BTCUSDT,PERPETUAL,69202.03869565,69169.9,-32.13869565,-0.0005,,1775446500000
2026-04-06 03:40:00,BTCUSDT,PERPETUAL,69179.51673913,69144.8,-34.71673913,-0.0005,,1775446800000
2026-04-06 03:45:00,BTCUSDT,PERPETUAL,69116.25891304,69092.8,-23.45891304,-0.0003,,1775447100000
2026-04-06 03:50:00,BTCUSDT,PERPETUAL,69116.40369565,69075.0,-41.40369565,-0.0006,,1775447400000
2026-04-06 03:55:00,BTCUSDT,PERPETUAL,69075.8776087,69039.7,-36.1776087,-0.0005,,1775447700000
2026-04-06 04:00:00,BTCUSDT,PERPETUAL,69114.26913043,69092.3,-21.96913043,-0.0003,,1775448000000
2026-04-06 04:05:00,BTCUSDT,PERPETUAL,69191.48217391,69165.0,-26.48217391,-0.0004,,1775448300000
2026-04-06 04:10:00,BTCUSDT,PERPETUAL,69043.76891304,69003.3,-40.46891304,-0.0006,,1775448600000
2026-04-06 04:15:00,BTCUSDT,PERPETUAL,69070.13913043,69039.0,-31.13913043,-0.0005,,1775448900000
2026-04-06 04:20:00,BTCUSDT,PERPETUAL,69012.09456522,68970.1,-41.99456522,-0.0006,,1775449200000
2026-04-06 04:25:00,BTCUSDT,PERPETUAL,68999.46065217,68968.2,-31.26065217,-0.0005,,1775449500000
2026-04-06 04:30:00,BTCUSDT,PERPETUAL,68998.87565217,68971.7,-27.17565217,-0.0004,,1775449800000
2026-04-06 04:35:00,BTCUSDT,PERPETUAL,69045.64869565,69022.4,-23.24869565,-0.0003,,1775450100000
2026-04-06 04:40:00,BTCUSDT,PERPETUAL,69203.39,69183.1,-20.29,-0.0003,,1775450400000
2026-04-06 04:45:00,BTCUSDT,PERPETUAL,69179.36913043,69147.0,-32.36913043,-0.0005,,1775450700000
2026-04-06 04:50:00,BTCUSDT,PERPETUAL,69157.44173913,69117.5,-39.94173913,-0.0006,,1775451000000
2026-04-06 04:55:00,BTCUSDT,PERPETUAL,69167.29847826,69139.3,-27.99847826,-0.0004,,1775451300000
2026-04-06 05:00:00,BTCUSDT,PERPETUAL,69141.96369565,69107.6,-34.36369565,-0.0005,,1775451600000
2026-04-06 05:05:00,BTCUSDT,PERPETUAL,69143.3526087,69119.9,-23.4526087,-0.0003,,1775451900000
2026-04-06 05:10:00,BTCUSDT,PERPETUAL,69176.12978261,69150.0,-26.12978261,-0.0004,,1775452200000
2026-04-06 05:15:00,BTCUSDT,PERPETUAL,69161.49847826,69129.3,-32.19847826,-0.0005,,1775452500000
2026-04-06 05:20:00,BTCUSDT,PERPETUAL,69167.91369565,69135.2,-32.71369565,-0.0005,,1775452800000
2026-04-06 05:25:00,BTCUSDT,PERPETUAL,69162.83130435,69123.4,-39.43130435,-0.0006,,1775453100000
2026-04-06 05:30:00,BTCUSDT,PERPETUAL,69165.90717391,69139.1,-26.80717391,-0.0004,,1775453400000
2026-04-06 05:35:00,BTCUSDT,PERPETUAL,69231.18217391,69200.0,-31.18217391,-0.0005,,1775453700000
2026-04-06 05:40:00,BTCUSDT,PERPETUAL,69219.5473913,69185.7,-33.8473913,-0.0005,,1775454000000
2026-04-06 05:45:00,BTCUSDT,PERPETUAL,69226.38875,69189.7,-36.68875,-0.0005,,1775454300000
2026-04-06 05:50:00,BTCUSDT,PERPETUAL,69163.93934783,69120.4,-43.53934783,-0.0006,,1775454600000
2026-04-06 05:55:00,BTCUSDT,PERPETUAL,69199.32326087,69167.2,-32.12326087,-0.0005,,1775454900000
2026-04-06 06:00:00,BTCUSDT,PERPETUAL,69196.2326087,69167.0,-29.2326087,-0.0004,,1775455200000
2026-04-06 06:05:00,BTCUSDT,PERPETUAL,69115.99434783,69091.3,-24.69434783,-0.0004,,1775455500000
2026-04-06 06:10:00,BTCUSDT,PERPETUAL,69244.6076087,69206.7,-37.9076087,-0.0005,,1775455800000
2026-04-06 06:15:00,BTCUSDT,PERPETUAL,69311.85,69276.6,-35.25,-0.0005,,1775456100000
2026-04-06 06:20:00,BTCUSDT,PERPETUAL,69238.20413043,69201.2,-37.00413043,-0.0005,,1775456400000
2026-04-06 06:25:00,BTCUSDT,PERPETUAL,69033.65608696,68997.2,-36.45608696,-0.0005,,1775456700000
2026-04-06 06:30:00,BTCUSDT,PERPETUAL,68845.11043478,68813.9,-31.21043478,-0.0005,,1775457000000
2026-04-06 06:35:00,BTCUSDT,PERPETUAL,68857.31326087,68825.1,-32.21326087,-0.0005,,1775457300000
2026-04-06 06:40:00,BTCUSDT,PERPETUAL,68905.59326087,68880.8,-24.79326087,-0.0004,,1775457600000
2026-04-06 06:45:00,BTCUSDT,PERPETUAL,68932.88956522,68904.3,-28.58956522,-0.0004,,1775457900000
2026-04-06 06:50:00,BTCUSDT,PERPETUAL,68989.40978261,68962.7,-26.70978261,-0.0004,,1775458200000
2026-04-06 06:55:00,BTCUSDT,PERPETUAL,69026.77021739,69003.7,-23.07021739,-0.0003,,1775458500000
2026-04-06 07:00:00,BTCUSDT,PERPETUAL,68982.55913043,68958.8,-23.75913043,-0.0003,,1775458800000
2026-04-06 07:05:00,BTCUSDT,PERPETUAL,68875.73130435,68828.8,-46.93130435,-0.0007,,1775459100000
2026-04-06 07:10:00,BTCUSDT,PERPETUAL,68837.405,68802.9,-34.505,-0.0005,,1775459400000
2026-04-06 07:15:00,BTCUSDT,PERPETUAL,68899.00826087,68873.9,-25.10826087,-0.0004,,1775459700000
2026-04-06 07:20:00,BTCUSDT,PERPETUAL,68986.56195652,68959.1,-27.46195652,-0.0004,,1775460000000
2026-04-06 07:25:00,BTCUSDT,PERPETUAL,69079.33695652,69055.7,-23.63695652,-0.0003,,1775460300000
2026-04-06 07:30:00,BTCUSDT,PERPETUAL,69079.01673913,69048.3,-30.71673913,-0.0004,,1775460600000
2026-04-06 07:35:00,BTCUSDT,PERPETUAL,68990.83282609,68964.8,-26.03282609,-0.0004,,1775460900000
2026-04-06 07:40:00,BTCUSDT,PERPETUAL,69045.43608696,69006.0,-39.43608696,-0.0006,,1775461200000
2026-04-06 07:45:00,BTCUSDT,PERPETUAL,68987.43108696,68955.4,-32.03108696,-0.0005,,1775461500000
2026-04-06 07:50:00,BTCUSDT,PERPETUAL,68998.11021739,68976.1,-22.01021739,-0.0003,,1775461800000
2026-04-06 07:55:00,BTCUSDT,PERPETUAL,69193.25695652,69164.1,-29.15695652,-0.0004,,1775462100000
2026-04-06 08:00:00,BTCUSDT,PERPETUAL,69110.64652174,69089.8,-20.84652174,-0.0003,,1775462400000
2026-04-06 08:05:00,BTCUSDT,PERPETUAL,69163.60065217,69136.3,-27.30065217,-0.0004,,1775462700000
2026-04-06 08:10:00,BTCUSDT,PERPETUAL,69162.74369565,69138.2,-24.54369565,-0.0004,,1775463000000
2026-04-06 08:15:00,BTCUSDT,PERPETUAL,69170.30086957,69144.1,-26.20086957,-0.0004,,1775463300000
2026-04-06 08:20:00,BTCUSDT,PERPETUAL,69157.0626087,69121.4,-35.6626087,-0.0005,,1775463600000
2026-04-06 08:25:00,BTCUSDT,PERPETUAL,69209.83608696,69186.6,-23.23608696,-0.0003,,1775463900000
2026-04-06 08:30:00,BTCUSDT,PERPETUAL,69232.50304348,69199.9,-32.60304348,-0.0005,,1775464200000
2026-04-06 08:35:00,BTCUSDT,PERPETUAL,69253.87,69225.0,-28.87,-0.0004,,1775464500000
2026-04-06 08:40:00,BTCUSDT,PERPETUAL,69273.55673913,69239.9,-33.65673913,-0.0005,,1775464800000
2026-04-06 08:45:00,BTCUSDT,PERPETUAL,69300.84086957,69268.8,-32.04086957,-0.0005,,1775465100000
2026-04-06 08:50:00,BTCUSDT,PERPETUAL,69255.2223913,69225.2,-30.0223913,-0.0004,,1775465400000
2026-04-06 08:55:00,BTCUSDT,PERPETUAL,69247.30675,69217.9,-29.40675,-0.0004,,1775465700000
2026-04-06 09:00:00,BTCUSDT,PERPETUAL,69226.13925,69191.7,-34.43925,-0.0005,,1775466000000
2026-04-06 09:05:00,BTCUSDT,PERPETUAL,69243.28326087,69206.1,-37.18326087,-0.0005,,1775466300000
2026-04-06 09:10:00,BTCUSDT,PERPETUAL,69313.3245,69290.4,-22.9245,-0.0003,,1775466600000
2026-04-06 09:15:00,BTCUSDT,PERPETUAL,69632.10086957,69604.0,-28.10086957,-0.0004,,1775466900000
2026-04-06 09:20:00,BTCUSDT,PERPETUAL,69936.18130435,69900.1,-36.08130435,-0.0005,,1775467200000
2026-04-06 09:25:00,BTCUSDT,PERPETUAL,70057.00652174,70026.6,-30.40652174,-0.0004,,1775467500000
2026-04-06 09:30:00,BTCUSDT,PERPETUAL,69932.64695652,69899.9,-32.74695652,-0.0005,,1775467800000
2026-04-06 09:35:00,BTCUSDT,PERPETUAL,69895.23195652,69867.4,-27.83195652,-0.0004,,1775468100000
2026-04-06 09:40:00,BTCUSDT,PERPETUAL,69798.39,69753.3,-45.09,-0.0006,,1775468400000
2026-04-06 09:45:00,BTCUSDT,PERPETUAL,69856.42978261,69819.5,-36.92978261,-0.0005,,1775468700000
2026-04-06 09:50:00,BTCUSDT,PERPETUAL,69832.239,69797.2,-35.039,-0.0005,,1775469000000
2026-04-06 09:55:00,BTCUSDT,PERPETUAL,69710.22913043,69677.0,-33.22913043,-0.0005,,1775469300000
2026-04-06 10:00:00,BTCUSDT,PERPETUAL,69726.97956522,69699.4,-27.57956522,-0.0004,,1775469600000
2026-04-06 10:05:00,BTCUSDT,PERPETUAL,69819.221,69788.4,-30.821,-0.0004,,1775469900000
2026-04-06 10:10:00,BTCUSDT,PERPETUAL,69808.4795,69771.3,-37.1795,-0.0005,,1775470200000
2026-04-06 10:15:00,BTCUSDT,PERPETUAL,69821.327,69784.0,-37.327,-0.0005,,1775470500000
2026-04-06 10:20:00,BTCUSDT,PERPETUAL,69787.87456522,69753.1,-34.77456522,-0.0005,,1775470800000
2026-04-06 10:25:00,BTCUSDT,PERPETUAL,69830.16586957,69796.2,-33.96586957,-0.0005,,1775471100000
2026-04-06 10:30:00,BTCUSDT,PERPETUAL,69763.71173913,69730.1,-33.61173913,-0.0005,,1775471400000
2026-04-06 10:35:00,BTCUSDT,PERPETUAL,69819.525,69785.7,-33.825,-0.0005,,1775471700000
2026-04-06 10:40:00,BTCUSDT,PERPETUAL,69902.045,69870.1,-31.945,-0.0005,,1775472000000
2026-04-06 10:45:00,BTCUSDT,PERPETUAL,69886.40956522,69851.1,-35.30956522,-0.0005,,1775472300000
2026-04-06 10:50:00,BTCUSDT,PERPETUAL,69802.39478261,69764.9,-37.49478261,-0.0005,,1775472600000
2026-04-06 10:55:00,BTCUSDT,PERPETUAL,69742.22,69705.7,-36.52,-0.0005,,1775472900000
2026-04-06 11:00:00,BTCUSDT,PERPETUAL,69766.57586957,69739.2,-27.37586957,-0.0004,,1775473200000
2026-04-06 11:05:00,BTCUSDT,PERPETUAL,69696.02652174,69670.2,-25.82652174,-0.0004,,1775473500000
2026-04-06 11:10:00,BTCUSDT,PERPETUAL,69751.89913043,69719.7,-32.19913043,-0.0005,,1775473800000
2026-04-06 11:15:00,BTCUSDT,PERPETUAL,69680.93586957,69640.1,-40.83586957,-0.0006,,1775474100000
2026-04-06 11:20:00,BTCUSDT,PERPETUAL,69703.81369565,69663.3,-40.51369565,-0.0006,,1775474400000
2026-04-06 11:25:00,BTCUSDT,PERPETUAL,69630.02652174,69596.0,-34.02652174,-0.0005,,1775474700000
2026-04-06 11:30:00,BTCUSDT,PERPETUAL,69624.26775,69591.8,-32.46775,-0.0005,,1775475000000
2026-04-06 11:35:00,BTCUSDT,PERPETUAL,69694.62695652,69652.8,-41.82695652,-0.0006,,1775475300000
2026-04-06 11:40:00,BTCUSDT,PERPETUAL,69676.73021739,69620.2,-56.53021739,-0.0008,,1775475600000
2026-04-06 11:45:00,BTCUSDT,PERPETUAL,69651.70565217,69612.1,-39.60565217,-0.0006,,1775475900000
2026-04-06 11:50:00,BTCUSDT,PERPETUAL,69643.61434783,69611.9,-31.71434783,-0.0005,,1775476200000
2026-04-06 11:55:00,BTCUSDT,PERPETUAL,69649.33434783,69606.1,-43.23434783,-0.0006,,1775476500000
2026-04-06 12:00:00,BTCUSDT,PERPETUAL,69612.89525,69583.5,-29.39525,-0.0004,,1775476800000
2026-04-06 12:05:00,BTCUSDT,PERPETUAL,69582.62478261,69544.4,-38.22478261,-0.0005,,1775477100000
2026-04-06 12:10:00,BTCUSDT,PERPETUAL,69517.4773913,69475.9,-41.5773913,-0.0006,,1775477400000
2026-04-06 12:15:00,BTCUSDT,PERPETUAL,69484.26,69449.9,-34.36,-0.0005,,1775477700000
2026-04-06 12:20:00,BTCUSDT,PERPETUAL,69519.2326087,69493.8,-25.4326087,-0.0004,,1775478000000
2026-04-06 12:25:00,BTCUSDT,PERPETUAL,69509.77173913,69469.5,-40.27173913,-0.0006,,1775478300000
2026-04-06 12:30:00,BTCUSDT,PERPETUAL,69468.5023913,69433.4,-35.1023913,-0.0005,,1775478600000
2026-04-06 12:35:00,BTCUSDT,PERPETUAL,69453.00565217,69428.2,-24.80565217,-0.0004,,1775478900000
2026-04-06 12:40:00,BTCUSDT,PERPETUAL,69512.57913043,69478.2,-34.37913043,-0.0005,,1775479200000
2026-04-06 12:45:00,BTCUSDT,PERPETUAL,69491.97521739,69461.5,-30.47521739,-0.0004,,1775479500000
2026-04-06 12:50:00,BTCUSDT,PERPETUAL,69419.61956522,69370.0,-49.61956522,-0.0007,,1775479800000
2026-04-06 12:55:00,BTCUSDT,PERPETUAL,69382.35456522,69359.0,-23.35456522,-0.0003,,1775480100000
2026-04-06 13:00:00,BTCUSDT,PERPETUAL,69366.42173913,69337.4,-29.02173913,-0.0004,,1775480400000
2026-04-06 13:05:00,BTCUSDT,PERPETUAL,69441.30065217,69403.5,-37.80065217,-0.0005,,1775480700000
2026-04-06 13:10:00,BTCUSDT,PERPETUAL,69436.19347826,69409.2,-26.99347826,-0.0004,,1775481000000
2026-04-06 13:15:00,BTCUSDT,PERPETUAL,69411.43195652,69380.1,-31.33195652,-0.0005,,1775481300000
2026-04-06 13:20:00,BTCUSDT,PERPETUAL,69339.4673913,69302.2,-37.2673913,-0.0005,,1775481600000
2026-04-06 13:25:00,BTCUSDT,PERPETUAL,69408.9126087,69385.3,-23.6126087,-0.0003,,1775481900000
2026-04-06 13:30:00,BTCUSDT,PERPETUAL,69465.80021739,69440.1,-25.70021739,-0.0004,,1775482200000
2026-04-06 13:35:00,BTCUSDT,PERPETUAL,69470.37478261,69442.4,-27.97478261,-0.0004,,1775482500000
2026-04-06 13:40:00,BTCUSDT,PERPETUAL,69311.14152174,69271.8,-39.34152174,-0.0006,,1775482800000
2026-04-06 13:45:00,BTCUSDT,PERPETUAL,69329.93608696,69293.1,-36.83608696,-0.0005,,1775483100000
2026-04-06 13:50:00,BTCUSDT,PERPETUAL,69343.66282609,69318.6,-25.06282609,-0.0004,,1775483400000
2026-04-06 13:55:00,BTCUSDT,PERPETUAL,69433.60413043,69396.6,-37.00413043,-0.0005,,1775483700000
2026-04-06 14:00:00,BTCUSDT,PERPETUAL,69401.76369565,69399.7,-2.06369565,0.0,,1775484000000
2026-04-06 14:05:00,BTCUSDT,PERPETUAL,69217.74891304,69165.0,-52.74891304,-0.0008,,1775484300000
2026-04-06 14:10:00,BTCUSDT,PERPETUAL,69280.95043478,69254.6,-26.35043478,-0.0004,,1775484600000
2026-04-06 14:15:00,BTCUSDT,PERPETUAL,69334.16043478,69316.2,-17.96043478,-0.0003,,1775484900000
2026-04-06 14:20:00,BTCUSDT,PERPETUAL,69461.44173913,69437.7,-23.74173913,-0.0003,,1775485200000
2026-04-06 14:25:00,BTCUSDT,PERPETUAL,69516.0776087,69475.1,-40.9776087,-0.0006,,1775485500000
2026-04-06 14:30:00,BTCUSDT,PERPETUAL,69544.65847826,69512.8,-31.85847826,-0.0005,,1775485800000
2026-04-06 14:35:00,BTCUSDT,PERPETUAL,69628.16826087,69614.9,-13.26826087,-0.0002,,1775486100000
2026-04-06 14:40:00,BTCUSDT,PERPETUAL,69351.24717391,69300.5,-50.74717391,-0.0007,,1775486400000
2026-04-06 14:45:00,BTCUSDT,PERPETUAL,69468.01869565,69425.4,-42.61869565,-0.0006,,1775486700000
2026-04-06 14:50:00,BTCUSDT,PERPETUAL,69339.63195652,69312.0,-27.63195652,-0.0004,,1775487000000
2026-04-06 14:55:00,BTCUSDT,PERPETUAL,69612.19652174,69584.5,-27.69652174,-0.0004,,1775487300000
2026-04-06 15:00:00,BTCUSDT,PERPETUAL,69656.72717391,69620.0,-36.72717391,-0.0005,,1775487600000
2026-04-06 15:05:00,BTCUSDT,PERPETUAL,69638.445,69610.9,-27.545,-0.0004,,1775487900000
2026-04-06 15:10:00,BTCUSDT,PERPETUAL,69674.57413043,69641.6,-32.97413043,-0.0005,,1775488200000
2026-04-06 15:15:00,BTCUSDT,PERPETUAL,69712.60673913,69667.5,-45.10673913,-0.0006,,1775488500000
2026-04-06 15:20:00,BTCUSDT,PERPETUAL,69661.47478261,69614.6,-46.87478261,-0.0007,,1775488800000
2026-04-06 15:25:00,BTCUSDT,PERPETUAL,69646.62282609,69612.0,-34.62282609,-0.0005,,1775489100000
2026-04-06 15:30:00,BTCUSDT,PERPETUAL,69737.25130435,69700.0,-37.25130435,-0.0005,,1775489400000
2026-04-06 15:35:00,BTCUSDT,PERPETUAL,69756.36521739,69714.3,-42.06521739,-0.0006,,1775489700000
2026-04-06 15:40:00,BTCUSDT,PERPETUAL,69745.82043478,69706.4,-39.42043478,-0.0006,,1775490000000
2026-04-06 15:45:00,BTCUSDT,PERPETUAL,69833.03413043,69787.1,-45.93413043,-0.0007,,1775490300000
2026-04-06 15:50:00,BTCUSDT,PERPETUAL,69823.58152174,69783.7,-39.88152174,-0.0006,,1775490600000
2026-04-06 15:55:00,BTCUSDT,PERPETUAL,69933.82804348,69894.3,-39.52804348,-0.0006,,1775490900000
2026-04-06 16:00:00,BTCUSDT,PERPETUAL,69962.01869565,69922.4,-39.61869565,-0.0006,,1775491200000
2026-04-06 16:05:00,BTCUSDT,PERPETUAL,69929.42652174,69891.6,-37.82652174,-0.0005,,1775491500000
2026-04-06 16:10:00,BTCUSDT,PERPETUAL,69898.93608696,69850.3,-48.63608696,-0.0007,,1775491800000
2026-04-06 16:15:00,BTCUSDT,PERPETUAL,70061.7276087,70029.4,-32.3276087,-0.0005,,1775492100000
2026-04-06 16:20:00,BTCUSDT,PERPETUAL,69987.16869565,69957.4,-29.76869565,-0.0004,,1775492400000
2026-04-06 16:25:00,BTCUSDT,PERPETUAL,70012.89173913,69966.7,-46.19173913,-0.0007,,1775492700000
2026-04-06 16:30:00,BTCUSDT,PERPETUAL,69920.45282609,69863.7,-56.75282609,-0.0008,,1775493000000
2026-04-06 16:35:00,BTCUSDT,PERPETUAL,69984.09586957,69965.6,-18.49586957,-0.0003,,1775493300000
2026-04-06 16:40:00,BTCUSDT,PERPETUAL,70020.58021739,69967.3,-53.28021739,-0.0008,,1775493600000
2026-04-06 16:45:00,BTCUSDT,PERPETUAL,70114.80630435,70094.7,-20.10630435,-0.0003,,1775493900000
2026-04-06 16:50:00,BTCUSDT,PERPETUAL,70229.37978261,70189.9,-39.47978261,-0.0006,,1775494200000
2026-04-06 16:55:00,BTCUSDT,PERPETUAL,70038.04375,69984.0,-54.04375,-0.0008,,1775494500000
2026-04-06 17:00:00,BTCUSDT,PERPETUAL,69806.54369565,69759.2,-47.34369565,-0.0007,,1775494800000
2026-04-06 17:05:00,BTCUSDT,PERPETUAL,69576.27326087,69554.9,-21.37326087,-0.0003,,1775495100000
2026-04-06 17:10:00,BTCUSDT,PERPETUAL,69641.29195652,69604.8,-36.49195652,-0.0005,,1775495400000
2026-04-06 17:15:00,BTCUSDT,PERPETUAL,69330.3073913,69309.8,-20.5073913,-0.0003,,1775495700000
2026-04-06 17:20:00,BTCUSDT,PERPETUAL,69352.87521739,69325.1,-27.77521739,-0.0004,,1775496000000
2026-04-06 17:25:00,BTCUSDT,PERPETUAL,69477.58717391,69445.9,-31.68717391,-0.0005,,1775496300000
2026-04-06 17:30:00,BTCUSDT,PERPETUAL,69545.20521739,69499.0,-46.20521739,-0.0007,,1775496600000
2026-04-06 17:35:00,BTCUSDT,PERPETUAL,69543.32695652,69493.7,-49.62695652,-0.0007,,1775496900000
2026-04-06 17:40:00,BTCUSDT,PERPETUAL,69527.39282609,69484.1,-43.29282609,-0.0006,,1775497200000
2026-04-06 17:45:00,BTCUSDT,PERPETUAL,69464.67608696,69429.5,-35.17608696,-0.0005,,1775497500000
2026-04-06 17:50:00,BTCUSDT,PERPETUAL,69502.3173913,69489.7,-12.6173913,-0.0002,,1775497800000
2026-04-06 17:55:00,BTCUSDT,PERPETUAL,69540.067,69510.4,-29.667,-0.0004,,1775498100000
2026-04-06 18:00:00,BTCUSDT,PERPETUAL,69573.17652174,69540.6,-32.57652174,-0.0005,,1775498400000
2026-04-06 18:05:00,BTCUSDT,PERPETUAL,69505.42652174,69465.7,-39.72652174,-0.0006,,1775498700000
2026-04-06 18:10:00,BTCUSDT,PERPETUAL,69525.83173913,69492.9,-32.93173913,-0.0005,,1775499000000
2026-04-06 18:15:00,BTCUSDT,PERPETUAL,69744.7026087,69710.5,-34.2026087,-0.0005,,1775499300000
2026-04-06 18:20:00,BTCUSDT,PERPETUAL,69814.94891304,69779.4,-35.54891304,-0.0005,,1775499600000
2026-04-06 18:25:00,BTCUSDT,PERPETUAL,69825.60413043,69779.1,-46.50413043,-0.0007,,1775499900000
2026-04-06 18:30:00,BTCUSDT,PERPETUAL,69864.60847826,69816.0,-48.60847826,-0.0007,,1775500200000
2026-04-06 18:35:00,BTCUSDT,PERPETUAL,69817.99456522,69776.1,-41.89456522,-0.0006,,1775500500000
2026-04-06 18:40:00,BTCUSDT,PERPETUAL,69790.2026087,69741.9,-48.3026087,-0.0007,,1775500800000
2026-04-06 18:45:00,BTCUSDT,PERPETUAL,69778.1823913,69741.4,-36.7823913,-0.0005,,1775501100000
2026-04-06 18:50:00,BTCUSDT,PERPETUAL,69784.48086957,69753.8,-30.68086957,-0.0004,,1775501400000
2026-04-06 18:55:00,BTCUSDT,PERPETUAL,69882.90717391,69862.4,-20.50717391,-0.0003,,1775501700000
2026-04-06 19:00:00,BTCUSDT,PERPETUAL,69887.66375,69852.8,-34.86375,-0.0005,,1775502000000
2026-04-06 19:05:00,BTCUSDT,PERPETUAL,69757.23173913,69711.2,-46.03173913,-0.0007,,1775502300000
2026-04-06 19:10:00,BTCUSDT,PERPETUAL,69617.91695652,69578.1,-39.81695652,-0.0006,,1775502600000
2026-04-06 19:15:00,BTCUSDT,PERPETUAL,69724.84152174,69694.7,-30.14152174,-0.0004,,1775502900000
2026-04-06 19:20:00,BTCUSDT,PERPETUAL,69762.85086957,69726.3,-36.55086957,-0.0005,,1775503200000
2026-04-06 19:25:00,BTCUSDT,PERPETUAL,69822.09108696,69777.1,-44.99108696,-0.0006,,1775503500000
2026-04-06 19:30:00,BTCUSDT,PERPETUAL,69846.37826087,69805.4,-40.97826087,-0.0006,,1775503800000
2026-04-06 19:35:00,BTCUSDT,PERPETUAL,69804.75425,69762.2,-42.55425,-0.0006,,1775504100000
2026-04-06 19:40:00,BTCUSDT,PERPETUAL,69795.80695652,69761.3,-34.50695652,-0.0005,,1775504400000
2026-04-06 19:45:00,BTCUSDT,PERPETUAL,69751.52652174,69723.2,-28.32652174,-0.0004,,1775504700000
2026-04-06 19:50:00,BTCUSDT,PERPETUAL,69719.88608696,69686.6,-33.28608696,-0.0005,,1775505000000
2026-04-06 19:55:00,BTCUSDT,PERPETUAL,69737.07934783,69700.9,-36.17934783,-0.0005,,1775505300000
2026-04-06 20:00:00,BTCUSDT,PERPETUAL,69741.51347826,69704.8,-36.71347826,-0.0005,,1775505600000
2026-04-06 20:05:00,BTCUSDT,PERPETUAL,69678.64652174,69648.6,-30.04652174,-0.0004,,1775505900000
2026-04-06 20:10:00,BTCUSDT,PERPETUAL,69714.11282609,69666.0,-48.11282609,-0.0007,,1775506200000
2026-04-06 20:15:00,BTCUSDT,PERPETUAL,69753.9423913,69724.9,-29.0423913,-0.0004,,1775506500000
2026-04-06 20:20:00,BTCUSDT,PERPETUAL,69839.28695652,69811.4,-27.88695652,-0.0004,,1775506800000
2026-04-06 20:25:00,BTCUSDT,PERPETUAL,69855.93565217,69813.8,-42.13565217,-0.0006,,1775507100000
2026-04-06 20:30:00,BTCUSDT,PERPETUAL,69955.70804348,69918.0,-37.70804348,-0.0005,,1775507400000
2026-04-06 20:35:00,BTCUSDT,PERPETUAL,69952.2276087,69910.2,-42.0276087,-0.0006,,1775507700000
2026-04-06 20:40:00,BTCUSDT,PERPETUAL,69941.435,69900.2,-41.235,-0.0006,,1775508000000
2026-04-06 20:45:00,BTCUSDT,PERPETUAL,69905.66043478,69863.7,-41.96043478,-0.0006,,1775508300000
2026-04-06 20:50:00,BTCUSDT,PERPETUAL,69902.49413043,69868.0,-34.49413043,-0.0005,,1775508600000
2026-04-06 20:55:00,BTCUSDT,PERPETUAL,69860.43282609,69818.0,-42.43282609,-0.0006,,1775508900000
2026-04-06 21:00:00,BTCUSDT,PERPETUAL,69825.65195652,69779.5,-46.15195652,-0.0007,,1775509200000
2026-04-06 21:05:00,BTCUSDT,PERPETUAL,69733.92043478,69703.0,-30.92043478,-0.0004,,1775509500000
2026-04-06 21:10:00,BTCUSDT,PERPETUAL,69706.38086957,69666.7,-39.68086957,-0.0006,,1775509800000
2026-04-06 21:15:00,BTCUSDT,PERPETUAL,69720.7426087,69690.6,-30.1426087,-0.0004,,1775510100000
2026-04-06 21:20:00,BTCUSDT,PERPETUAL,69690.72325,69653.7,-37.02325,-0.0005,,1775510400000
2026-04-06 21:25:00,BTCUSDT,PERPETUAL,69683.8855,69653.6,-30.2855,-0.0004,,1775510700000
2026-04-06 21:30:00,BTCUSDT,PERPETUAL,69657.865,69622.6,-35.265,-0.0005,,1775511000000
2026-04-06 21:35:00,BTCUSDT,PERPETUAL,69644.2375,69611.1,-33.1375,-0.0005,,1775511300000
2026-04-06 21:40:00,BTCUSDT,PERPETUAL,69520.23369565,69488.4,-31.83369565,-0.0005,,1775511600000
2026-04-06 21:45:00,BTCUSDT,PERPETUAL,69441.60630435,69401.5,-40.10630435,-0.0006,,1775511900000
2026-04-06 21:50:00,BTCUSDT,PERPETUAL,69559.09108696,69524.0,-35.09108696,-0.0005,,1775512200000
2026-04-06 21:55:00,BTCUSDT,PERPETUAL,69517.264,69481.2,-36.064,-0.0005,,1775512500000
2026-04-06 22:00:00,BTCUSDT,PERPETUAL,69505.33725,69476.5,-28.83725,-0.0004,,1775512800000
2026-04-06 22:05:00,BTCUSDT,PERPETUAL,69424.99934783,69391.7,-33.29934783,-0.0005,,1775513100000
2026-04-06 22:10:00,BTCUSDT,PERPETUAL,69511.435,69475.2,-36.235,-0.0005,,1775513400000
2026-04-06 22:15:00,BTCUSDT,PERPETUAL,69546.38525,69510.3,-36.08525,-0.0005,,1775513700000
2026-04-06 22:20:00,BTCUSDT,PERPETUAL,69440.5523913,69388.1,-52.4523913,-0.0008,,1775514000000
2026-04-06 22:25:00,BTCUSDT,PERPETUAL,69330.02195652,69288.3,-41.72195652,-0.0006,,1775514300000
2026-04-06 22:30:00,BTCUSDT,PERPETUAL,69370.41725,69333.0,-37.41725,-0.0005,,1775514600000
2026-04-06 22:35:00,BTCUSDT,PERPETUAL,69261.70586957,69239.8,-21.90586957,-0.0003,,1775514900000
2026-04-06 22:40:00,BTCUSDT,PERPETUAL,69323.68375,69284.7,-38.98375,-0.0006,,1775515200000
2026-04-06 22:45:00,BTCUSDT,PERPETUAL,69242.58086957,69196.6,-45.98086957,-0.0007,,1775515500000
2026-04-06 22:50:00,BTCUSDT,PERPETUAL,69184.23978261,69146.7,-37.53978261,-0.0005,,1775515800000
2026-04-06 22:55:00,BTCUSDT,PERPETUAL,68945.13869565,68909.1,-36.03869565,-0.0005,,1775516100000
2026-04-06 23:00:00,BTCUSDT,PERPETUAL,68816.72021739,68777.0,-39.72021739,-0.0006,,1775516400000
2026-04-06 23:05:00,BTCUSDT,PERPETUAL,68664.8626087,68637.2,-27.6626087,-0.0004,,1775516700000
2026-04-06 23:10:00,BTCUSDT,PERPETUAL,68614.27717391,68609.3,-4.97717391,-0.0001,,1775517000000
2026-04-06 23:15:00,BTCUSDT,PERPETUAL,68603.45130435,68565.1,-38.35130435,-0.0006,,1775517300000
2026-04-06 23:20:00,BTCUSDT,PERPETUAL,68652.41826087,68604.2,-48.21826087,-0.0007,,1775517600000
2026-04-06 23:25:00,BTCUSDT,PERPETUAL,68635.645,68589.0,-46.645,-0.0007,,1775517900000
2026-04-06 23:30:00,BTCUSDT,PERPETUAL,68522.70173913,68498.3,-24.40173913,-0.0004,,1775518200000
2026-04-06 23:35:00,BTCUSDT,PERPETUAL,68643.42913043,68612.9,-30.52913043,-0.0004,,1775518500000
2026-04-06 23:40:00,BTCUSDT,PERPETUAL,68742.79217391,68720.9,-21.89217391,-0.0003,,1775518800000
2026-04-06 23:45:00,BTCUSDT,PERPETUAL,68790.93195652,68751.3,-39.63195652,-0.0006,,1775519100000
2026-04-06 23:50:00,BTCUSDT,PERPETUAL,68792.60891304,68756.7,-35.90891304,-0.0005,,1775519400000
2026-04-06 23:55:00,BTCUSDT,PERPETUAL,68871.46086957,68859.9,-11.56086957,-0.0002,,1775519700000
2026-04-07 00:00:00,BTCUSDT,PERPETUAL,68851.56782609,68817.9,-33.66782609,-0.0005,,1775520000000
2026-04-07 00:05:00,BTCUSDT,PERPETUAL,68927.3723913,68903.5,-23.8723913,-0.0003,,1775520300000
2026-04-07 00:10:00,BTCUSDT,PERPETUAL,68949.79869565,68921.1,-28.69869565,-0.0004,,1775520600000
2026-04-07 00:15:00,BTCUSDT,PERPETUAL,68940.27717391,68912.5,-27.77717391,-0.0004,,1775520900000
2026-04-07 00:20:00,BTCUSDT,PERPETUAL,68990.37326087,68958.2,-32.17326087,-0.0005,,1775521200000
2026-04-07 00:25:00,BTCUSDT,PERPETUAL,68929.87130435,68904.6,-25.27130435,-0.0004,,1775521500000
2026-04-07 00:30:00,BTCUSDT,PERPETUAL,68929.55456522,68902.4,-27.15456522,-0.0004,,1775521800000
2026-04-07 00:35:00,BTCUSDT,PERPETUAL,68833.72434783,68790.5,-43.22434783,-0.0006,,1775522100000
2026-04-07 00:40:00,BTCUSDT,PERPETUAL,68762.26217391,68715.8,-46.46217391,-0.0007,,1775522400000
2026-04-07 00:45:00,BTCUSDT,PERPETUAL,68790.88065217,68749.5,-41.38065217,-0.0006,,1775522700000
2026-04-07 00:50:00,BTCUSDT,PERPETUAL,68879.7426087,68859.8,-19.9426087,-0.0003,,1775523000000
2026-04-07 00:55:00,BTCUSDT,PERPETUAL,68870.52456522,68834.6,-35.92456522,-0.0005,,1775523300000
2026-04-07 01:00:00,BTCUSDT,PERPETUAL,68782.21934783,68738.6,-43.61934783,-0.0006,,1775523600000
2026-04-07 01:05:00,BTCUSDT,PERPETUAL,68734.70630435,68709.7,-25.00630435,-0.0004,,1775523900000
2026-04-07 01:10:00,BTCUSDT,PERPETUAL,68594.97282609,68559.3,-35.67282609,-0.0005,,1775524200000
2026-04-07 01:15:00,BTCUSDT,PERPETUAL,68590.32413043,68554.9,-35.42413043,-0.0005,,1775524500000
2026-04-07 01:20:00,BTCUSDT,PERPETUAL,68762.14456522,68731.9,-30.24456522,-0.0004,,1775524800000
2026-04-07 01:25:00,BTCUSDT,PERPETUAL,68749.50065217,68721.8,-27.70065217,-0.0004,,1775525100000
2026-04-07 01:30:00,BTCUSDT,PERPETUAL,68732.22043478,68692.6,-39.62043478,-0.0006,,1775525400000
2026-04-07 01:35:00,BTCUSDT,PERPETUAL,68788.3676087,68746.1,-42.2676087,-0.0006,,1775525700000
2026-04-07 01:40:00,BTCUSDT,PERPETUAL,68607.14304348,68579.5,-27.64304348,-0.0004,,1775526000000
2026-04-07 01:45:00,BTCUSDT,PERPETUAL,68636.86543478,68599.5,-37.36543478,-0.0005,,1775526300000
2026-04-07 01:50:00,BTCUSDT,PERPETUAL,68556.80673913,68510.0,-46.80673913,-0.0007,,1775526600000
2026-04-07 01:55:00,BTCUSDT,PERPETUAL,68455.20782609,68421.0,-34.20782609,-0.0005,,1775526900000
2026-04-07 02:00:00,BTCUSDT,PERPETUAL,68407.37456522,68363.9,-43.47456522,-0.0006,,1775527200000
2026-04-07 02:05:00,BTCUSDT,PERPETUAL,68417.48608696,68378.2,-39.28608696,-0.0006,,1775527500000
2026-04-07 02:10:00,BTCUSDT,PERPETUAL,68426.63347826,68392.1,-34.53347826,-0.0005,,1775527800000
2026-04-07 02:15:00,BTCUSDT,PERPETUAL,68424.99304348,68390.7,-34.29304348,-0.0005,,1775528100000
2026-04-07 02:20:00,BTCUSDT,PERPETUAL,68508.94586957,68485.1,-23.84586957,-0.0003,,1775528400000
2026-04-07 02:25:00,BTCUSDT,PERPETUAL,68557.96217391,68545.4,-12.56217391,-0.0002,,1775528700000
2026-04-07 02:30:00,BTCUSDT,PERPETUAL,68576.78282609,68543.5,-33.28282609,-0.0005,,1775529000000
2026-04-07 02:35:00,BTCUSDT,PERPETUAL,68528.62347826,68490.1,-38.52347826,-0.0006,,1775529300000
2026-04-07 02:40:00,BTCUSDT,PERPETUAL,68686.78282609,68650.0,-36.78282609,-0.0005,,1775529600000
2026-04-07 02:45:00,BTCUSDT,PERPETUAL,68630.36326087,68586.0,-44.36326087,-0.0006,,1775529900000
2026-04-07 02:50:00,BTCUSDT,PERPETUAL,68627.98021739,68588.4,-39.58021739,-0.0006,,1775530200000
2026-04-07 02:55:00,BTCUSDT,PERPETUAL,68632.74478261,68601.8,-30.94478261,-0.0005,,1775530500000
2026-04-07 03:00:00,BTCUSDT,PERPETUAL,68676.62195652,68640.3,-36.32195652,-0.0005,,1775530800000
2026-04-07 03:05:00,BTCUSDT,PERPETUAL,68696.00847826,68664.6,-31.40847826,-0.0005,,1775531100000
2026-04-07 03:10:00,BTCUSDT,PERPETUAL,68660.60021739,68621.1,-39.50021739,-0.0006,,1775531400000
2026-04-07 03:15:00,BTCUSDT,PERPETUAL,68679.22108696,68645.0,-34.22108696,-0.0005,,1775531700000
2026-04-07 03:20:00,BTCUSDT,PERPETUAL,68693.35565217,68658.0,-35.35565217,-0.0005,,1775532000000
2026-04-07 03:25:00,BTCUSDT,PERPETUAL,68777.29826087,68754.9,-22.39826087,-0.0003,,1775532300000
2026-04-07 03:30:00,BTCUSDT,PERPETUAL,68779.77652174,68745.0,-34.77652174,-0.0005,,1775532600000
2026-04-07 03:35:00,BTCUSDT,PERPETUAL,68751.65456522,68724.8,-26.85456522,-0.0004,,1775532900000
2026-04-07 03:40:00,BTCUSDT,PERPETUAL,68766.80391304,68739.2,-27.60391304,-0.0004,,1775533200000
2026-04-07 03:45:00,BTCUSDT,PERPETUAL,68787.29413043,68763.9,-23.39413043,-0.0003,,1775533500000
2026-04-07 03:50:00,BTCUSDT,PERPETUAL,68748.29130435,68711.9,-36.39130435,-0.0005,,1775533800000
2026-04-07 03:55:00,BTCUSDT,PERPETUAL,68772.46630435,68749.9,-22.56630435,-0.0003,,1775534100000
2026-04-07 04:00:00,BTCUSDT,PERPETUAL,68775.59586957,68746.4,-29.19586957,-0.0004,,1775534400000
2026-04-07 04:05:00,BTCUSDT,PERPETUAL,68716.96369565,68670.4,-46.56369565,-0.0007,,1775534700000
2026-04-07 04:10:00,BTCUSDT,PERPETUAL,68664.58673913,68630.7,-33.88673913,-0.0005,,1775535000000
2026-04-07 04:15:00,BTCUSDT,PERPETUAL,68668.2576087,68637.5,-30.7576087,-0.0004,,1775535300000
2026-04-07 04:20:00,BTCUSDT,PERPETUAL,68597.31608696,68572.0,-25.31608696,-0.0004,,1775535600000
2026-04-07 04:25:00,BTCUSDT,PERPETUAL,68592.09934783,68563.1,-28.99934783,-0.0004,,1775535900000
2026-04-07 04:30:00,BTCUSDT,PERPETUAL,68601.88434783,68572.4,-29.48434783,-0.0004,,1775536200000
2026-04-07 04:35:00,BTCUSDT,PERPETUAL,68812.52195652,68789.7,-22.82195652,-0.0003,,1775536500000
2026-04-07 04:40:00,BTCUSDT,PERPETUAL,68843.2273913,68812.7,-30.5273913,-0.0004,,1775536800000
2026-04-07 04:45:00,BTCUSDT,PERPETUAL,68851.74304348,68822.0,-29.74304348,-0.0004,,1775537100000
2026-04-07 04:50:00,BTCUSDT,PERPETUAL,68958.44826087,68932.2,-26.24826087,-0.0004,,1775537400000
2026-04-07 04:55:00,BTCUSDT,PERPETUAL,68877.30108696,68843.1,-34.20108696,-0.0005,,1775537700000
2026-04-07 05:00:00,BTCUSDT,PERPETUAL,68853.21369565,68819.2,-34.01369565,-0.0005,,1775538000000
2026-04-07 05:05:00,BTCUSDT,PERPETUAL,68800.664,68768.1,-32.564,-0.0005,,1775538300000
2026-04-07 05:10:00,BTCUSDT,PERPETUAL,68826.3825,68800.0,-26.3825,-0.0004,,1775538600000
2026-04-07 05:15:00,BTCUSDT,PERPETUAL,68808.43434783,68770.0,-38.43434783,-0.0006,,1775538900000
2026-04-07 05:20:00,BTCUSDT,PERPETUAL,68789.62956522,68749.0,-40.62956522,-0.0006,,1775539200000
2026-04-07 05:25:00,BTCUSDT,PERPETUAL,68759.29695652,68721.4,-37.89695652,-0.0006,,1775539500000
2026-04-07 05:30:00,BTCUSDT,PERPETUAL,68708.65913043,68669.9,-38.75913043,-0.0006,,1775539800000
2026-04-07 05:35:00,BTCUSDT,PERPETUAL,68689.29695652,68645.6,-43.69695652,-0.0006,,1775540100000
2026-04-07 05:40:00,BTCUSDT,PERPETUAL,68739.1723913,68703.2,-35.9723913,-0.0005,,1775540400000
2026-04-07 05:45:00,BTCUSDT,PERPETUAL,68650.66425,68614.8,-35.86425,-0.0005,,1775540700000
2026-04-07 05:50:00,BTCUSDT,PERPETUAL,68643.9865,68613.5,-30.4865,-0.0004,,1775541000000
2026-04-07 05:55:00,BTCUSDT,PERPETUAL,68661.88,68632.9,-28.98,-0.0004,,1775541300000
2026-04-07 06:00:00,BTCUSDT,PERPETUAL,68660.72326087,68627.4,-33.32326087,-0.0005,,1775541600000
2026-04-07 06:05:00,BTCUSDT,PERPETUAL,68635.02326087,68598.9,-36.12326087,-0.0005,,1775541900000
2026-04-07 06:10:00,BTCUSDT,PERPETUAL,68575.71565217,68533.7,-42.01565217,-0.0006,,1775542200000
2026-04-07 06:15:00,BTCUSDT,PERPETUAL,68518.46826087,68489.9,-28.56826087,-0.0004,,1775542500000
2026-04-07 06:20:00,BTCUSDT,PERPETUAL,68495.71304348,68471.0,-24.71304348,-0.0004,,1775542800000
2026-04-07 06:25:00,BTCUSDT,PERPETUAL,68528.29,68506.6,-21.69,-0.0003,,1775543100000
2026-04-07 06:30:00,BTCUSDT,PERPETUAL,68566.01456522,68539.1,-26.91456522,-0.0004,,1775543400000
